{"cameraMode":{"drawMode":0,"name":"Shaded","section":"Shading Mode"},"sceneLighting":false,"audioPlay":false,"sceneViewState":{"showFog":true,"showMaterialUpdate":false,"showSkybox":true,"showFlares":true,"showImageEffects":true,"showParticleSystems":true},"in2DMode":false,"pivot":{"x":0.37803956866264346,"y":0.10265602171421051,"z":0.08244162797927857},"rotation":{"x":0.001195684541016817,"y":-0.9954023957252502,"z":0.09495021402835846,"w":0.012535271234810353},"size":0.7610173225402832,"orthographic":false}